# Peer leak reproducer (upstream/repro-peer-leak.sh and its earlier settings), WireGuard selftest VM on net-next, x86 KVM.
# kernel: vanilla = net-next; fix = net-next + patch 1/2 only. leaked: objects the selftest check found created but never destroyed.
series,removals_per_run,flood,kernel,vcpus,run,leaked
all,40,1x1400B,vanilla,1,1,"Peer 27; Keypair 9"
all,40,1x1400B,vanilla,4,1,""
all,40,1x1400B,fix,1,1,""
all,40,1x1400B,fix,4,1,""
repro5,40,1x1400B,vanilla,1,1,""
repro5,40,1x1400B,fix,1,1,""
repro5,40,1x1400B,vanilla,1,2,""
repro5,40,1x1400B,fix,1,2,""
repro5,40,1x1400B,vanilla,1,3,""
repro5,40,1x1400B,fix,1,3,""
repro5,40,1x1400B,vanilla,1,4,""
repro5,40,1x1400B,fix,1,4,""
repro5,40,1x1400B,vanilla,1,5,""
repro5,40,1x1400B,fix,1,5,""
repro6,100,4x64B,vanilla,1,1,""
repro6,100,4x64B,fix,1,1,""
repro6,100,4x64B,vanilla,1,2,"Keypair 1"
repro6,100,4x64B,fix,1,2,""
repro6,100,4x64B,vanilla,1,3,""
repro6,100,4x64B,fix,1,3,""
repro7,200,4x64B,vanilla,1,1,""
repro7,200,4x64B,fix,1,1,""
repro7,200,4x64B,vanilla,1,2,"Keypair 1"
repro7,200,4x64B,fix,1,2,""
repro7,200,4x64B,vanilla,1,3,""
repro7,200,4x64B,fix,1,3,""
repro7,200,4x64B,vanilla,1,4,"Peer 43"
repro7,200,4x64B,fix,1,4,""
repro7,200,4x64B,vanilla,1,5,""
repro7,200,4x64B,fix,1,5,""
repro7,200,4x64B,vanilla,1,6,""
repro7,200,4x64B,fix,1,6,""
repro7,200,4x64B,vanilla,1,7,"Keypair 1"
repro7,200,4x64B,fix,1,7,""
repro7,200,4x64B,vanilla,1,8,""
repro7,200,4x64B,fix,1,8,""
