# WireGuard selftest VM on net-next c29fbea7e, x86 KVM, two namespaces. iperf3 10 s per run; per-run means of the 1 s intervals.
# series = patches 1/2 and 2/2 of upstream/ (the 1-vCPU runs used an earlier revision that differs only in how packets are freed on peer removal); vanilla = net-next. UDP: received is what the server counted, loss its loss.
kernel,vcpus,rep,test,sent_gbit_s,received_gbit_s,loss_percent,tcp_retransmits
series,1,1,tcp4,3.65,,,0
series,1,1,tcp6,3.63,,,0
series,1,1,udp4,2.79,1.40,54,
series,1,1,udp6,2.75,1.33,54,
series,1,2,tcp4,3.65,,,0
series,1,2,tcp6,3.62,,,0
series,1,2,udp4,2.80,1.41,54,
series,1,2,udp6,2.75,1.38,54,
series,1,3,tcp4,3.65,,,0
series,1,3,tcp6,3.62,,,0
series,1,3,udp4,2.76,1.40,54,
series,1,3,udp6,2.59,1.34,53,
vanilla,1,1,tcp4,3.43,,,0
vanilla,1,1,tcp6,3.36,,,0
vanilla,1,1,udp4,2.67,2.59,3,
vanilla,1,1,udp6,2.60,2.48,6,
vanilla,1,2,tcp4,3.37,,,0
vanilla,1,2,tcp6,3.34,,,0
vanilla,1,2,udp4,2.65,2.65,0,
vanilla,1,2,udp6,2.58,2.50,3,
vanilla,1,3,tcp4,3.41,,,0
vanilla,1,3,tcp6,3.33,,,0
vanilla,1,3,udp4,2.66,2.58,3,
vanilla,1,3,udp6,2.59,2.51,3,
series,4,1,tcp4,5.95,,,0
series,4,1,tcp6,5.93,,,0
series,4,1,udp4,4.45,3.13,5,
series,4,1,udp6,4.59,3.69,7,
series,4,2,tcp4,6.10,,,0
series,4,2,tcp6,6.05,,,0
series,4,2,udp4,4.56,2.99,0,
series,4,2,udp6,4.54,3.16,25,
series,4,3,tcp4,6.06,,,0
series,4,3,tcp6,6.04,,,0
series,4,3,udp4,4.73,2.62,0,
series,4,3,udp6,4.38,3.42,3,
vanilla,4,1,tcp4,5.90,,,0
vanilla,4,1,tcp6,5.90,,,0
vanilla,4,1,udp4,4.51,3.62,14,
vanilla,4,1,udp6,4.62,4.41,4,
vanilla,4,2,tcp4,6.12,,,0
vanilla,4,2,tcp6,6.06,,,0
vanilla,4,2,udp4,4.61,3.07,5,
vanilla,4,2,udp6,4.68,4.28,8,
vanilla,4,3,tcp4,6.10,,,0
vanilla,4,3,tcp6,6.05,,,0
vanilla,4,3,udp4,4.47,3.41,14,
vanilla,4,3,udp6,4.47,3.48,19,
plain-veth,1,1,udp4,,2.87,61,
plain-veth,1,2,udp4,,2.88,61,
plain-veth,1,3,udp4,,2.77,62,
